<?xml version="1.0" encoding="utf-8"?>
<manifest xmlns="http://www.we7.cc" versionCode="">
	<application setting="false">
		<name><![CDATA[婚礼邀请函]]></name>
		<identifie><![CDATA[meepo_hunli]]></identifie>
		<version><![CDATA[1.7]]></version>
		<type><![CDATA[business]]></type>
		<ability><![CDATA[自用婚礼邀请函]]></ability>
		<description><![CDATA[如需更高级功能，联系客服定制2486131475]]></description>
		<author><![CDATA[imeepos]]></author>
		<url><![CDATA[]]></url>
	</application>
	<platform>
		<subscribes>
		</subscribes>
		<handles>
		</handles>
		<rule embed="false" />
		<card embed="false" />
		<supports>
			<item type="app" />
		</supports>
	</platform>
	<bindings>
		<cover>
			<entry title="首页" do="index" state="" direct="false" />
		</cover>
		<menu>
			<entry title="首页" do="index" state="" direct="false" />
			<entry title="设置" do="setting" state="" direct="false" />
		</menu>
	</bindings>
	<permissions>
	</permissions>
	<install><![CDATA[install.php]]></install>
	<uninstall><![CDATA[uninstall.php]]></uninstall>
	<upgrade><![CDATA[upgrade.php]]></upgrade>
</manifest>